INSERT INTO bus_info (bus_number, driver_name, phone_number, machine) VALUES ('21', 'Dmytroa', '0930536123', 'автобус');
INSERT INTO bus_info (bus_number, driver_name, phone_number, machine) VALUES ('22', 'Dmytrof', '0930536123', 'автобус');

INSERT INTO time_table (id_bus_info, `day`, begin_work, end_work) VALUES ('1', 'monday', '10:11:12', '10:11:12');
INSERT INTO time_table (id_bus_info, `day`, begin_work, end_work) VALUES ('1', 'friday', '10:11:12', '10:11:12');

INSERT INTO time_table (`id_bus_info`, day) VALUES ('1', '234 4');

INSERT INTO `point` (`point_id`, `bus_id`, `coordinate`) VALUES ('1', '1', '48.865642, 24.694533');
INSERT INTO `point` (`point_id`, `bus_id`, `coordinate`) VALUES ('2', '1', '48.869030, 24.698803');
INSERT INTO `point` (`point_id`, `bus_id`, `coordinate`) VALUES ('3', '1', '48.869129, 24.702834');
INSERT INTO `point` (`point_id`, `bus_id`, `coordinate`) VALUES ('4', '1', '48.872806, 24.705966');
INSERT INTO `point` (`point_id`, `bus_id`, `coordinate`) VALUES ('5', '1', '48.900914, 24.713175');
INSERT INTO `point` (`point_id`, `bus_id`, `coordinate`) VALUES ('6', '1', '48.903660, 24.697455');
INSERT INTO `point` (`point_id`, `bus_id`, `coordinate`) VALUES ('7', '1', '48.913060, 24.700323');
INSERT INTO `point` (`point_id`, `bus_id`, `coordinate`) VALUES ('8', '1', '48.919512, 24.707849');
INSERT INTO `point` (`point_id`, `bus_id`, `coordinate`) VALUES ('9', '1', '48.921542, 24.704920');
INSERT INTO `point` (`point_id`, `bus_id`, `coordinate`) VALUES ('10', '1', '48.925039, 24.707656');
INSERT INTO `point` (`point_id`, `bus_id`, `coordinate`) VALUES ('11', '1', '48.927189, 24.715316');
INSERT INTO `point` (`point_id`, `bus_id`, `coordinate`) VALUES ('12', '1', '48.926054, 24.716196');
INSERT INTO `point` (`point_id`, `bus_id`, `coordinate`) VALUES ('13', '1', '48.928075, 24.721474');
INSERT INTO `point` (`point_id`, `bus_id`, `coordinate`) VALUES ('14', '1', '48.923955, 24.723583');
INSERT INTO `point` (`point_id`, `bus_id`, `coordinate`) VALUES ('15', '1', '48.923469, 24.721705');
INSERT INTO `point` (`point_id`, `bus_id`, `coordinate`) VALUES ('16', '1', '48.918613, 24.718002');
INSERT INTO `point` (`point_id`, `bus_id`, `coordinate`) VALUES ('17', '1', '48.918747, 24.710929');
INSERT INTO `point` (`point_id`, `bus_id`, `coordinate`) VALUES ('18', '1', '48.913721, 24.709556');
INSERT INTO `point` (`point_id`, `bus_id`, `coordinate`) VALUES ('19', '1', '48.904964, 24.713092');
INSERT INTO `point` (`point_id`, `bus_id`, `coordinate`) VALUES ('20', '1', '48.892294, 24.712761');
INSERT INTO `point` (`point_id`, `bus_id`, `coordinate`) VALUES ('21', '1', '48.873159, 24.706047');
INSERT INTO `point` (`point_id`, `bus_id`, `coordinate`) VALUES ('22', '1', '48.869235, 24.702903');
INSERT INTO `point` (`point_id`, `bus_id`, `coordinate`) VALUES ('23', '1', '48.868988, 24.698740');
INSERT INTO `point` (`point_id`, `bus_id`, `coordinate`) VALUES ('24', '1', '48.865629, 24.694524');
INSERT INTO `point` (`point_id`, `bus_id`, `coordinate`) VALUES ('25', '2', '48.935931, 24.743911');
INSERT INTO `point` (`point_id`, `bus_id`, `coordinate`) VALUES ('26', '2', '48.936075, 24.743530');
INSERT INTO `point` (`point_id`, `bus_id`, `coordinate`) VALUES ('27', '2', '48.935430, 24.742758');
INSERT INTO `point` (`point_id`, `bus_id`, `coordinate`) VALUES ('28', '2', '48.922565, 24.743266');
INSERT INTO `point` (`point_id`, `bus_id`, `coordinate`) VALUES ('29', '2', '48.923910, 24.736539');
INSERT INTO `point` (`point_id`, `bus_id`, `coordinate`) VALUES ('30', '2', '48.925633, 24.728784');
INSERT INTO `point` (`point_id`, `bus_id`, `coordinate`) VALUES ('31', '2', '48.927195, 24.725023');
INSERT INTO `point` (`point_id`, `bus_id`, `coordinate`) VALUES ('32', '2', '48.928844, 24.722909');
INSERT INTO `point` (`point_id`, `bus_id`, `coordinate`) VALUES ('33', '2', '48.928075, 24.721503');
INSERT INTO `point` (`point_id`, `bus_id`, `coordinate`) VALUES ('34', '2', '48.923955, 24.723607');
INSERT INTO `point` (`point_id`, `bus_id`, `coordinate`) VALUES ('35', '2', '48.923463, 24.721702');
INSERT INTO `point` (`point_id`, `bus_id`, `coordinate`) VALUES ('36', '2', '48.918621, 24.718002');
INSERT INTO `point` (`point_id`, `bus_id`, `coordinate`) VALUES ('37', '2', '48.918743, 24.710956');
INSERT INTO `point` (`point_id`, `bus_id`, `coordinate`) VALUES ('38', '2', '48.920812, 24.705711');
INSERT INTO `point` (`point_id`, `bus_id`, `coordinate`) VALUES ('39', '2', '48.921549, 24.704901');
INSERT INTO `point` (`point_id`, `bus_id`, `coordinate`) VALUES ('40', '2', '48.925041, 24.707630');
INSERT INTO `point` (`point_id`, `bus_id`, `coordinate`) VALUES ('41', '2', '48.924829, 24.709862');
INSERT INTO `point` (`point_id`, `bus_id`, `coordinate`) VALUES ('42', '2', '48.936438, 24.705132');
INSERT INTO `point` (`point_id`, `bus_id`, `coordinate`) VALUES ('43', '2', '48.945263, 24.693187');
INSERT INTO `point` (`point_id`, `bus_id`, `coordinate`) VALUES ('44', '2', '48.945439, 24.691642');
INSERT INTO `point` (`point_id`, `bus_id`, `coordinate`) VALUES ('45', '2', '48.944530, 24.691148');
INSERT INTO `point` (`point_id`, `bus_id`, `coordinate`) VALUES ('46', '2', '48.944227, 24.692371');
INSERT INTO `point` (`point_id`, `bus_id`, `coordinate`) VALUES ('47', '2', '48.949057, 24.696105');
INSERT INTO `point` (`point_id`, `bus_id`, `coordinate`) VALUES ('48', '2', '48.947528, 24.701566');
INSERT INTO `point` (`point_id`, `bus_id`, `coordinate`) VALUES ('49', '2', '48.946189, 24.702532');
INSERT INTO `point` (`point_id`, `bus_id`, `coordinate`) VALUES ('50', '2', '48.942708, 24.697060');
INSERT INTO `point` (`point_id`, `bus_id`, `coordinate`) VALUES ('51', '2', '48.935704, 24.705729');
INSERT INTO `point` (`point_id`, `bus_id`, `coordinate`) VALUES ('52', '2', '48.924830, 24.709861');
INSERT INTO `point` (`point_id`, `bus_id`, `coordinate`) VALUES ('53', '2', '48.927184, 24.715293');
INSERT INTO `point` (`point_id`, `bus_id`, `coordinate`) VALUES ('54', '2', '48.924659, 24.716875');
INSERT INTO `point` (`point_id`, `bus_id`, `coordinate`) VALUES ('55', '2', '48.923393, 24.721332');
INSERT INTO `point` (`point_id`, `bus_id`, `coordinate`) VALUES ('56', '2', '48.923936, 24.723585');
INSERT INTO `point` (`point_id`, `bus_id`, `coordinate`) VALUES ('57', '2', '48.928068, 24.721524');
INSERT INTO `point` (`point_id`, `bus_id`, `coordinate`) VALUES ('58', '2', '48.928857, 24.722887');
INSERT INTO `point` (`point_id`, `bus_id`, `coordinate`) VALUES ('59', '2', '48.925450, 24.729411');
INSERT INTO `point` (`point_id`, `bus_id`, `coordinate`) VALUES ('60', '2', '48.922561, 24.743231');
INSERT INTO `point` (`point_id`, `bus_id`, `coordinate`) VALUES ('61', '2', '48.932177, 24.743821');
INSERT INTO `point` (`point_id`, `bus_id`, `coordinate`) VALUES ('62', '2', '48.935931, 24.743911');

INSERT INTO `stop_stations` (`id`, `coordinate`, `name`) VALUES ('1', '48.865767, 24.694679', 'Житловий масив');
INSERT INTO `stop_stations` (`id`, `coordinate`, `name`) VALUES ('2', '48.867505, 24.696833', 'Онкодиспансер');
INSERT INTO `stop_stations` (`id`, `coordinate`, `name`) VALUES ('3', '48.869051, 24.702741', 'Психоневрологічне');
INSERT INTO `stop_stations` (`id`, `coordinate`, `name`) VALUES ('4', '48.873081, 24.706181', 'СТО');
INSERT INTO `stop_stations` (`id`, `coordinate`, `name`) VALUES ('5', '48.880794, 24.709228', 'АЗС');
INSERT INTO `stop_stations` (`id`, `coordinate`, `name`) VALUES ('6', '48.884983, 24.710603', 'Опришівці-центр');
INSERT INTO `stop_stations` (`id`, `coordinate`, `name`) VALUES ('7', '48.884970, 24.710611', 'Опришівці');
INSERT INTO `stop_stations` (`id`, `coordinate`, `name`) VALUES ('8', '48.888170, 24.711268', 'Аеропорт');
INSERT INTO `stop_stations` (`id`, `coordinate`, `name`) VALUES ('9', '48.893064, 24.713113', 'Рильського');
INSERT INTO `stop_stations` (`id`, `coordinate`, `name`) VALUES ('10', '48.896543, 24.713183', 'ПАТ Арматурний завод');
INSERT INTO `stop_stations` (`id`, `coordinate`, `name`) VALUES ('11', '48.900084, 24.713227', 'КП \"Водоекотехпром\"');
INSERT INTO `stop_stations` (`id`, `coordinate`, `name`) VALUES ('12', '48.902064, 24.708656', 'Хлібокомбінат');
INSERT INTO `stop_stations` (`id`, `coordinate`, `name`) VALUES ('13', '48.902066, 24.708651', 'УТОС');
INSERT INTO `stop_stations` (`id`, `coordinate`, `name`) VALUES ('14', '48.903471, 24.698215', 'Кільце вул. Петлюри');
INSERT INTO `stop_stations` (`id`, `coordinate`, `name`) VALUES ('15', '48.904871, 24.698086', 'Школа-інтернат');
INSERT INTO `stop_stations` (`id`, `coordinate`, `name`) VALUES ('16', '48.906523, 24.698423', 'Стадіон-рух');
INSERT INTO `stop_stations` (`id`, `coordinate`, `name`) VALUES ('17', '48.912000, 24.699888', 'парк ім. Шевченка');
INSERT INTO `stop_stations` (`id`, `coordinate`, `name`) VALUES ('18', '48.915047, 24.703556', 'Університет Прикарпатський');
INSERT INTO `stop_stations` (`id`, `coordinate`, `name`) VALUES ('19', '48.919704, 24.707557', 'Головна пошта');
INSERT INTO `stop_stations` (`id`, `coordinate`, `name`) VALUES ('20', '48.923194, 24.706827', 'Бастіон');
INSERT INTO `stop_stations` (`id`, `coordinate`, `name`) VALUES ('21', '48.924896, 24.710635', 'ЦУМ');
INSERT INTO `stop_stations` (`id`, `coordinate`, `name`) VALUES ('22', '48.925799, 24.713055', 'Ринок');
INSERT INTO `stop_stations` (`id`, `coordinate`, `name`) VALUES ('23', '48.926243, 24.716586', 'Крок');
INSERT INTO `stop_stations` (`id`, `coordinate`, `name`) VALUES ('24', '48.925881, 24.722938', 'Вокзал');
INSERT INTO `stop_stations` (`id`, `coordinate`, `name`) VALUES ('25', '48.918719, 24.717666', 'гот. Надія');
INSERT INTO `stop_stations` (`id`, `coordinate`, `name`) VALUES ('26', '48.917441, 24.710863', 'вул. Коновальця');
INSERT INTO `stop_stations` (`id`, `coordinate`, `name`) VALUES ('27', '48.913046, 24.709750', 'вул. Військова');
INSERT INTO `stop_stations` (`id`, `coordinate`, `name`) VALUES ('28', '48.910043, 24.710869', 'вул. Нац. Гвардії');
INSERT INTO `stop_stations` (`id`, `coordinate`, `name`) VALUES ('29', '48.907391, 24.712210', 'Дитяча лікарня');
INSERT INTO `stop_stations` (`id`, `coordinate`, `name`) VALUES ('30', '48.902878, 24.713068', 'ТЦ Велмарт');
INSERT INTO `stop_stations` (`id`, `coordinate`, `name`) VALUES ('31', '48.899722, 24.713030', 'КП Водоекотехпром');
INSERT INTO `stop_stations` (`id`, `coordinate`, `name`) VALUES ('32', '48.896177, 24.713000', 'ПАТ Арматурний завод');
INSERT INTO `stop_stations` (`id`, `coordinate`, `name`) VALUES ('33', '48.892621, 24.712771', 'вул. Рильського');
INSERT INTO `stop_stations` (`id`, `coordinate`, `name`) VALUES ('34', '48.888448, 24.711143', 'Аеропорт');
INSERT INTO `stop_stations` (`id`, `coordinate`, `name`) VALUES ('35', '48.884337, 24.710241', 'Опришівці');
INSERT INTO `stop_stations` (`id`, `coordinate`, `name`) VALUES ('36', '48.880399, 24.708723', 'Опришівці-центр');
INSERT INTO `stop_stations` (`id`, `coordinate`, `name`) VALUES ('37', '48.875761, 24.706513', 'АЗС');
INSERT INTO `stop_stations` (`id`, `coordinate`, `name`) VALUES ('38', '48.872564, 24.705631', 'СТО');
INSERT INTO `stop_stations` (`id`, `coordinate`, `name`) VALUES ('39', '48.869081, 24.702274', 'Психоневрологічне');
INSERT INTO `stop_stations` (`id`, `coordinate`, `name`) VALUES ('40', '48.866889, 24.695730', 'Онкодиспансер');
INSERT INTO `stop_stations` (`id`, `coordinate`, `name`) VALUES ('41', '48.922866, 24.741879', 'Хоткевича');
INSERT INTO `stop_stations` (`id`, `coordinate`, `name`) VALUES ('42', '48.923725, 24.737738', 'Базар');
INSERT INTO `stop_stations` (`id`, `coordinate`, `name`) VALUES ('43', '48.924700, 24.732618', 'Української Дивізії');
INSERT INTO `stop_stations` (`id`, `coordinate`, `name`) VALUES ('44', '48.926884, 24.726617', 'Старицького');
INSERT INTO `stop_stations` (`id`, `coordinate`, `name`) VALUES ('45', '48.924542, 24.723205', 'Вокзал');
INSERT INTO `stop_stations` (`id`, `coordinate`, `name`) VALUES ('46', '48.918745, 24.717562', '\"Надія\"');
INSERT INTO `stop_stations` (`id`, `coordinate`, `name`) VALUES ('47', '48.919691, 24.707540', 'Головна пошта');
INSERT INTO `stop_stations` (`id`, `coordinate`, `name`) VALUES ('48', '48.923187, 24.706857', 'Бастіон');
INSERT INTO `stop_stations` (`id`, `coordinate`, `name`) VALUES ('49', '48.925362, 24.709902', 'ЦУМ (по галицькій)');
INSERT INTO `stop_stations` (`id`, `coordinate`, `name`) VALUES ('50', '48.932125, 24.707812', '\"Княгинин\"');
INSERT INTO `stop_stations` (`id`, `coordinate`, `name`) VALUES ('51', '48.940189, 24.701024', 'Целевича');
INSERT INTO `stop_stations` (`id`, `coordinate`, `name`) VALUES ('52', '48.942959, 24.696809', 'Тролейбусна');
INSERT INTO `stop_stations` (`id`, `coordinate`, `name`) VALUES ('53', '48.944340, 24.691408', 'Автостанція 2');
INSERT INTO `stop_stations` (`id`, `coordinate`, `name`) VALUES ('54', '48.948883, 24.695912', 'Радіозавод');
INSERT INTO `stop_stations` (`id`, `coordinate`, `name`) VALUES ('55', '48.947477, 24.701510', 'Хіміків');
INSERT INTO `stop_stations` (`id`, `coordinate`, `name`) VALUES ('56', '48.944920, 24.700398', 'Тролейбусна');
INSERT INTO `stop_stations` (`id`, `coordinate`, `name`) VALUES ('57', '48.939849, 24.701252', 'ресторан \"Овен\"');
INSERT INTO `stop_stations` (`id`, `coordinate`, `name`) VALUES ('58', '48.934022, 24.706603', 'Музична школа');
INSERT INTO `stop_stations` (`id`, `coordinate`, `name`) VALUES ('59', '48.931172, 24.708045', 'Швейна фабрика');
INSERT INTO `stop_stations` (`id`, `coordinate`, `name`) VALUES ('60', '48.927135, 24.709455', 'Військових Ветеранів');
INSERT INTO `stop_stations` (`id`, `coordinate`, `name`) VALUES ('61', '48.924893, 24.710665', 'Ринок');
INSERT INTO `stop_stations` (`id`, `coordinate`, `name`) VALUES ('62', '48.923545, 24.720564', 'Гаркуші');
INSERT INTO `stop_stations` (`id`, `coordinate`, `name`) VALUES ('63', '48.925880, 24.722899', 'Вокзал');
INSERT INTO `stop_stations` (`id`, `coordinate`, `name`) VALUES ('64', '48.925586, 24.728718', 'Гаражі (вул. Хоткевича)');
INSERT INTO `stop_stations` (`id`, `coordinate`, `name`) VALUES ('65', '48.924540, 24.733021', 'вул. Української Дивізії');
INSERT INTO `stop_stations` (`id`, `coordinate`, `name`) VALUES ('66', '48.924540, 24.733021', 'Базар');
INSERT INTO `stop_stations` (`id`, `coordinate`, `name`) VALUES ('67', '48.924389, 24.743382', 'вул. Хоткевича');
INSERT INTO `stop_stations` (`id`, `coordinate`, `name`) VALUES ('68', '48.928620, 24.743216', 'вул. Івасюка');
INSERT INTO `stop_stations` (`id`, `coordinate`, `name`) VALUES ('69', '48.933280, 24.745366', 'Арсен');
INSERT INTO `stop_stations` (`id`, `coordinate`, `name`) VALUES ('70', '48.935989, 24.743959', 'вул. Стуса');
INSERT INTO `stop_stations` (`id`, `coordinate`, `name`) VALUES ('71', '48.934849, 24.742731', 'маг. Барвінок');
INSERT INTO `stop_stations` (`id`, `coordinate`, `name`) VALUES ('72', '48.934849, 24.742731', 'ТЦ \"Арсен\"');
INSERT INTO `stop_stations` (`id`, `coordinate`, `name`) VALUES ('73', '48.928283, 24.743005', 'вул. Івасюка');
INSERT INTO `stop_stations` (`id`, `coordinate`, `name`) VALUES ('74', '48.923798, 24.743101', 'вул. Хоткевича');

INSERT INTO `bus_stop_stations` (`bus_id`, `stop_stations_id`) VALUES ('1', '1');
INSERT INTO `bus_stop_stations` (`bus_id`, `stop_stations_id`) VALUES ('1', '2');
INSERT INTO `bus_stop_stations` (`bus_id`, `stop_stations_id`) VALUES ('1', '3');
INSERT INTO `bus_stop_stations` (`bus_id`, `stop_stations_id`) VALUES ('1', '4');
INSERT INTO `bus_stop_stations` (`bus_id`, `stop_stations_id`) VALUES ('1', '5');
INSERT INTO `bus_stop_stations` (`bus_id`, `stop_stations_id`) VALUES ('1', '6');
INSERT INTO `bus_stop_stations` (`bus_id`, `stop_stations_id`) VALUES ('1', '7');
INSERT INTO `bus_stop_stations` (`bus_id`, `stop_stations_id`) VALUES ('1', '8');
INSERT INTO `bus_stop_stations` (`bus_id`, `stop_stations_id`) VALUES ('1', '9');
INSERT INTO `bus_stop_stations` (`bus_id`, `stop_stations_id`) VALUES ('1', '10');
INSERT INTO `bus_stop_stations` (`bus_id`, `stop_stations_id`) VALUES ('1', '11');
INSERT INTO `bus_stop_stations` (`bus_id`, `stop_stations_id`) VALUES ('1', '12');
INSERT INTO `bus_stop_stations` (`bus_id`, `stop_stations_id`) VALUES ('1', '13');
INSERT INTO `bus_stop_stations` (`bus_id`, `stop_stations_id`) VALUES ('1', '14');
INSERT INTO `bus_stop_stations` (`bus_id`, `stop_stations_id`) VALUES ('1', '15');
INSERT INTO `bus_stop_stations` (`bus_id`, `stop_stations_id`) VALUES ('1', '16');
INSERT INTO `bus_stop_stations` (`bus_id`, `stop_stations_id`) VALUES ('1', '17');
INSERT INTO `bus_stop_stations` (`bus_id`, `stop_stations_id`) VALUES ('1', '18');
INSERT INTO `bus_stop_stations` (`bus_id`, `stop_stations_id`) VALUES ('1', '19');
INSERT INTO `bus_stop_stations` (`bus_id`, `stop_stations_id`) VALUES ('1', '20');
INSERT INTO `bus_stop_stations` (`bus_id`, `stop_stations_id`) VALUES ('1', '21');
INSERT INTO `bus_stop_stations` (`bus_id`, `stop_stations_id`) VALUES ('1', '22');
INSERT INTO `bus_stop_stations` (`bus_id`, `stop_stations_id`) VALUES ('1', '23');
INSERT INTO `bus_stop_stations` (`bus_id`, `stop_stations_id`) VALUES ('1', '24');
INSERT INTO `bus_stop_stations` (`bus_id`, `stop_stations_id`) VALUES ('1', '25');
INSERT INTO `bus_stop_stations` (`bus_id`, `stop_stations_id`) VALUES ('1', '26');
INSERT INTO `bus_stop_stations` (`bus_id`, `stop_stations_id`) VALUES ('1', '27');
INSERT INTO `bus_stop_stations` (`bus_id`, `stop_stations_id`) VALUES ('1', '28');
INSERT INTO `bus_stop_stations` (`bus_id`, `stop_stations_id`) VALUES ('1', '29');
INSERT INTO `bus_stop_stations` (`bus_id`, `stop_stations_id`) VALUES ('1', '30');
INSERT INTO `bus_stop_stations` (`bus_id`, `stop_stations_id`) VALUES ('1', '31');
INSERT INTO `bus_stop_stations` (`bus_id`, `stop_stations_id`) VALUES ('1', '32');
INSERT INTO `bus_stop_stations` (`bus_id`, `stop_stations_id`) VALUES ('1', '33');
INSERT INTO `bus_stop_stations` (`bus_id`, `stop_stations_id`) VALUES ('1', '34');
INSERT INTO `bus_stop_stations` (`bus_id`, `stop_stations_id`) VALUES ('1', '35');
INSERT INTO `bus_stop_stations` (`bus_id`, `stop_stations_id`) VALUES ('1', '36');
INSERT INTO `bus_stop_stations` (`bus_id`, `stop_stations_id`) VALUES ('1', '37');
INSERT INTO `bus_stop_stations` (`bus_id`, `stop_stations_id`) VALUES ('1', '38');
INSERT INTO `bus_stop_stations` (`bus_id`, `stop_stations_id`) VALUES ('1', '39');
INSERT INTO `bus_stop_stations` (`bus_id`, `stop_stations_id`) VALUES ('1', '40');
INSERT INTO `bus_stop_stations` (`bus_id`, `stop_stations_id`) VALUES ('2', '41');
INSERT INTO `bus_stop_stations` (`bus_id`, `stop_stations_id`) VALUES ('2', '42');
INSERT INTO `bus_stop_stations` (`bus_id`, `stop_stations_id`) VALUES ('2', '43');
INSERT INTO `bus_stop_stations` (`bus_id`, `stop_stations_id`) VALUES ('2', '44');
INSERT INTO `bus_stop_stations` (`bus_id`, `stop_stations_id`) VALUES ('2', '45');
INSERT INTO `bus_stop_stations` (`bus_id`, `stop_stations_id`) VALUES ('2', '46');
INSERT INTO `bus_stop_stations` (`bus_id`, `stop_stations_id`) VALUES ('2', '47');
INSERT INTO `bus_stop_stations` (`bus_id`, `stop_stations_id`) VALUES ('2', '48');
INSERT INTO `bus_stop_stations` (`bus_id`, `stop_stations_id`) VALUES ('2', '49');
INSERT INTO `bus_stop_stations` (`bus_id`, `stop_stations_id`) VALUES ('2', '50');
INSERT INTO `bus_stop_stations` (`bus_id`, `stop_stations_id`) VALUES ('2', '51');
INSERT INTO `bus_stop_stations` (`bus_id`, `stop_stations_id`) VALUES ('2', '52');
INSERT INTO `bus_stop_stations` (`bus_id`, `stop_stations_id`) VALUES ('2', '53');
INSERT INTO `bus_stop_stations` (`bus_id`, `stop_stations_id`) VALUES ('2', '54');
INSERT INTO `bus_stop_stations` (`bus_id`, `stop_stations_id`) VALUES ('2', '55');
INSERT INTO `bus_stop_stations` (`bus_id`, `stop_stations_id`) VALUES ('2', '56');
INSERT INTO `bus_stop_stations` (`bus_id`, `stop_stations_id`) VALUES ('2', '57');
INSERT INTO `bus_stop_stations` (`bus_id`, `stop_stations_id`) VALUES ('2', '58');
INSERT INTO `bus_stop_stations` (`bus_id`, `stop_stations_id`) VALUES ('2', '59');
INSERT INTO `bus_stop_stations` (`bus_id`, `stop_stations_id`) VALUES ('2', '60');
INSERT INTO `bus_stop_stations` (`bus_id`, `stop_stations_id`) VALUES ('2', '61');
INSERT INTO `bus_stop_stations` (`bus_id`, `stop_stations_id`) VALUES ('2', '62');
INSERT INTO `bus_stop_stations` (`bus_id`, `stop_stations_id`) VALUES ('2', '63');
INSERT INTO `bus_stop_stations` (`bus_id`, `stop_stations_id`) VALUES ('2', '64');
INSERT INTO `bus_stop_stations` (`bus_id`, `stop_stations_id`) VALUES ('2', '65');
INSERT INTO `bus_stop_stations` (`bus_id`, `stop_stations_id`) VALUES ('2', '66');
INSERT INTO `bus_stop_stations` (`bus_id`, `stop_stations_id`) VALUES ('2', '67');
INSERT INTO `bus_stop_stations` (`bus_id`, `stop_stations_id`) VALUES ('2', '68');
INSERT INTO `bus_stop_stations` (`bus_id`, `stop_stations_id`) VALUES ('2', '69');
INSERT INTO `bus_stop_stations` (`bus_id`, `stop_stations_id`) VALUES ('2', '70');
INSERT INTO `bus_stop_stations` (`bus_id`, `stop_stations_id`) VALUES ('2', '71');
INSERT INTO `bus_stop_stations` (`bus_id`, `stop_stations_id`) VALUES ('2', '72');
INSERT INTO `bus_stop_stations` (`bus_id`, `stop_stations_id`) VALUES ('2', '73');
INSERT INTO `bus_stop_stations` (`bus_id`, `stop_stations_id`) VALUES ('2', '74');